{"count":1,"self":24.442359999999997,"total":24.741369199999998,"children":{"InitializeActuators":{"count":12,"self":0.0015004999999999999,"total":0.0015004999999999999,"children":null},"InitializeSensors":{"count":12,"self":0.0010015,"total":0.0010015,"children":null},"AgentSendState":{"count":1008,"self":0.0044985,"total":0.021006399999999998,"children":{"CollectObservations":{"count":2424,"self":0.007005,"total":0.007005,"children":null},"WriteActionMask":{"count":2424,"self":0.00050099999999999993,"total":0.00050099999999999993,"children":null},"RequestDecision":{"count":2424,"self":0.0090019,"total":0.0090019,"children":null}}},"DecideAction":{"count":1008,"self":0.21699069999999998,"total":0.21699069999999998,"children":null},"AgentAct":{"count":1008,"self":0.058011099999999996,"total":0.058011099999999996,"children":null}},"gauges":{},"metadata":{"timer_format_version":"0.1.0","start_time_seconds":"1665397565","unity_version":"2021.3.8f1","command_line_arguments":"D:\\Software\\Unity Editors\\2021.3.8f1\\Editor\\Unity.exe -projectpath C:\\Users\\gordo\\Desktop\\GETOUTOFMYLAND -useHub -hubIPC -cloudEnvironment production -licensingIpc LicenseClient-oiOJimFseTRaw23K3cGOr -hubSessionId 4d0a36a0-4872-11ed-8e83-3b6fb5d8b4aa","communication_protocol_version":"1.5.0","com.unity.ml-agents_version":"2.1.0-exp.1","scene_name":"3DBall","end_time_seconds":"1665397590"}}