{"count":1,"self":25.501624,"total":30.387401599999997,"children":{"InitializeActuators":{"count":25,"self":0.0014996999999999999,"total":0.0014996999999999999,"children":null},"InitializeSensors":{"count":25,"self":0.0014981999999999999,"total":0.0014981999999999999,"children":null},"AgentSendState":{"count":1288,"self":0.0162333,"total":0.6718734,"children":{"CollectObservations":{"count":6450,"self":0.6456466,"total":0.6456466,"children":null},"WriteActionMask":{"count":6450,"self":0.0039965999999999995,"total":0.0039965999999999995,"children":null},"RequestDecision":{"count":6450,"self":0.0059968999999999995,"total":0.0059968999999999995,"children":null}}},"DecideAction":{"count":1288,"self":0.80391249999999992,"total":0.80391249999999992,"children":null},"AgentAct":{"count":1288,"self":3.4064935999999997,"total":3.4064934,"children":null}},"gauges":{"MoveToGoal.CumulativeReward":{"count":25,"max":0,"min":0,"runningAverage":0,"value":0,"weightedAverage":0}},"metadata":{"timer_format_version":"0.1.0","start_time_seconds":"1665651942","unity_version":"2021.3.8f1","command_line_arguments":"D:\\Software\\Unity Editors\\2021.3.8f1\\Editor\\Unity.exe -projectpath C:\\Users\\gordo\\Desktop\\GETOUTOFMYLAND -useHub -hubIPC -cloudEnvironment production -licensingIpc LicenseClient-HU61NE3S-FV5sjDrhthb4 -hubSessionId 4463ba90-4aa1-11ed-b160-bb6786ac6b13","communication_protocol_version":"1.5.0","com.unity.ml-agents_version":"2.1.0-exp.1","scene_name":"MLAgents","end_time_seconds":"1665651972"}}